,mean_fit_time,std_fit_time,mean_score_time,std_score_time,param_lr__C,param_lr__solver,params,split0_test_accuracy,split1_test_accuracy,split2_test_accuracy,split3_test_accuracy,split4_test_accuracy,mean_test_accuracy,std_test_accuracy,rank_test_accuracy,split0_train_accuracy,split1_train_accuracy,split2_train_accuracy,split3_train_accuracy,split4_train_accuracy,mean_train_accuracy,std_train_accuracy,split0_test_f1_weighted,split1_test_f1_weighted,split2_test_f1_weighted,split3_test_f1_weighted,split4_test_f1_weighted,mean_test_f1_weighted,std_test_f1_weighted,rank_test_f1_weighted,split0_train_f1_weighted,split1_train_f1_weighted,split2_train_f1_weighted,split3_train_f1_weighted,split4_train_f1_weighted,mean_train_f1_weighted,std_train_f1_weighted,split0_test_precision_weighted,split1_test_precision_weighted,split2_test_precision_weighted,split3_test_precision_weighted,split4_test_precision_weighted,mean_test_precision_weighted,std_test_precision_weighted,rank_test_precision_weighted,split0_train_precision_weighted,split1_train_precision_weighted,split2_train_precision_weighted,split3_train_precision_weighted,split4_train_precision_weighted,mean_train_precision_weighted,std_train_precision_weighted,split0_test_recall_weighted,split1_test_recall_weighted,split2_test_recall_weighted,split3_test_recall_weighted,split4_test_recall_weighted,mean_test_recall_weighted,std_test_recall_weighted,rank_test_recall_weighted,split0_train_recall_weighted,split1_train_recall_weighted,split2_train_recall_weighted,split3_train_recall_weighted,split4_train_recall_weighted,mean_train_recall_weighted,std_train_recall_weighted
0,24.01065626144409,1.0358921007337574,14.482128524780274,0.2622053048842045,0.001,newton-cg,"{'lr__C': 0.001, 'lr__solver': 'newton-cg'}",0.5099313501144165,0.509954689001785,0.509954689001785,0.5099322592456975,0.5099789435136867,0.5099503853829114,1.7569515359798836e-05,17,0.5099551446356646,0.5099493094412596,0.5099493094412596,0.5099549168135112,0.5099432468305185,0.5099503854324428,4.392233627211374e-06,0.34442623078169426,0.34445243520098745,0.34445243520098745,0.34442725152361797,0.34447966833516136,0.3444476033186019,1.972690834066562e-05,21,0.34445294678356797,0.3444463950857338,0.3444463950857338,0.34445269098639375,0.3444395880890207,0.34444760320609,4.931542150421464e-06,0.2600299818295116,0.26005378483490726,0.26005378483490726,0.2600309090194213,0.26007852282733607,0.26004939586086767,1.7919282863758508e-05,21,0.2600542495403816,0.26004829819961756,0.26004829819961756,0.26005401718227517,0.26004211498805113,0.2600493956219886,4.4796349293329104e-06,0.5099313501144165,0.509954689001785,0.509954689001785,0.5099322592456975,0.5099789435136867,0.5099503853829114,1.7569515359798836e-05,17,0.5099551446356646,0.5099493094412596,0.5099493094412596,0.5099549168135112,0.5099432468305185,0.5099503854324428,4.392233627211374e-06
1,20.733467531204223,0.5201035131651114,15.310255575180054,0.38116847228819756,0.001,sag,"{'lr__C': 0.001, 'lr__solver': 'sag'}",0.5099313501144165,0.509954689001785,0.509954689001785,0.5099322592456975,0.5099789435136867,0.5099503853829114,1.7569515359798836e-05,17,0.5099551446356646,0.5099493094412596,0.5099493094412596,0.5099549168135112,0.5099432468305185,0.5099503854324428,4.392233627211374e-06,0.34442623078169426,0.34445243520098745,0.34445243520098745,0.34442725152361797,0.34447966833516136,0.3444476033186019,1.972690834066562e-05,21,0.34445294678356797,0.3444463950857338,0.3444463950857338,0.34445269098639375,0.3444395880890207,0.34444760320609,4.931542150421464e-06,0.2600299818295116,0.26005378483490726,0.26005378483490726,0.2600309090194213,0.26007852282733607,0.26004939586086767,1.7919282863758508e-05,21,0.2600542495403816,0.26004829819961756,0.26004829819961756,0.26005401718227517,0.26004211498805113,0.2600493956219886,4.4796349293329104e-06,0.5099313501144165,0.509954689001785,0.509954689001785,0.5099322592456975,0.5099789435136867,0.5099503853829114,1.7569515359798836e-05,17,0.5099551446356646,0.5099493094412596,0.5099493094412596,0.5099549168135112,0.5099432468305185,0.5099503854324428,4.392233627211374e-06
2,21.957060194015504,0.29829313554272613,15.55311713218689,0.11515910220890734,0.001,saga,"{'lr__C': 0.001, 'lr__solver': 'saga'}",0.5099313501144165,0.509954689001785,0.509954689001785,0.5099322592456975,0.5099789435136867,0.5099503853829114,1.7569515359798836e-05,17,0.5099551446356646,0.5099493094412596,0.5099493094412596,0.5099549168135112,0.5099432468305185,0.5099503854324428,4.392233627211374e-06,0.34442623078169426,0.34445243520098745,0.34445243520098745,0.34442725152361797,0.34447966833516136,0.3444476033186019,1.972690834066562e-05,21,0.34445294678356797,0.3444463950857338,0.3444463950857338,0.34445269098639375,0.3444395880890207,0.34444760320609,4.931542150421464e-06,0.2600299818295116,0.26005378483490726,0.26005378483490726,0.2600309090194213,0.26007852282733607,0.26004939586086767,1.7919282863758508e-05,21,0.2600542495403816,0.26004829819961756,0.26004829819961756,0.26005401718227517,0.26004211498805113,0.2600493956219886,4.4796349293329104e-06,0.5099313501144165,0.509954689001785,0.509954689001785,0.5099322592456975,0.5099789435136867,0.5099503853829114,1.7569515359798836e-05,17,0.5099551446356646,0.5099493094412596,0.5099493094412596,0.5099549168135112,0.5099432468305185,0.5099503854324428,4.392233627211374e-06
3,18.117853927612305,0.1703596697918337,15.083384466171264,0.263911139072526,0.001,lbfgs,"{'lr__C': 0.001, 'lr__solver': 'lbfgs'}",0.5099313501144165,0.509954689001785,0.509954689001785,0.5099322592456975,0.5099789435136867,0.5099503853829114,1.7569515359798836e-05,17,0.5099551446356646,0.5099493094412596,0.5099493094412596,0.5099549168135112,0.5099432468305185,0.5099503854324428,4.392233627211374e-06,0.34442623078169426,0.34445243520098745,0.34445243520098745,0.34442725152361797,0.34447966833516136,0.3444476033186019,1.972690834066562e-05,21,0.34445294678356797,0.3444463950857338,0.3444463950857338,0.34445269098639375,0.3444395880890207,0.34444760320609,4.931542150421464e-06,0.2600299818295116,0.26005378483490726,0.26005378483490726,0.2600309090194213,0.26007852282733607,0.26004939586086767,1.7919282863758508e-05,21,0.2600542495403816,0.26004829819961756,0.26004829819961756,0.26005401718227517,0.26004211498805113,0.2600493956219886,4.4796349293329104e-06,0.5099313501144165,0.509954689001785,0.509954689001785,0.5099322592456975,0.5099789435136867,0.5099503853829114,1.7569515359798836e-05,17,0.5099551446356646,0.5099493094412596,0.5099493094412596,0.5099549168135112,0.5099432468305185,0.5099503854324428,4.392233627211374e-06
4,23.562743806838988,0.9695045700454992,15.112568473815918,0.6764903867986723,0.01,newton-cg,"{'lr__C': 0.01, 'lr__solver': 'newton-cg'}",0.5099771167048055,0.5098631516316536,0.5100004576868507,0.5099322592456975,0.5098873935731941,0.5099320774061259,5.1869123175282644e-05,21,0.5099894727206151,0.5100294073896079,0.5100522925177073,0.5100807835778199,0.5100691107144492,0.5100442133840399,3.236753385335165e-05,0.3451888941903576,0.344859164467622,0.3449830026012301,0.3449664784093075,0.3450003238886767,0.34499957472680143,0.00010670577921843445,17,0.34492968205113644,0.3450578273885208,0.3451894014771961,0.3451604424420798,0.34509914621240706,0.34508729991426806,9.12435355066185e-05,0.3304803618774465,0.32601637401383743,0.3157113262779642,0.3345649997919141,0.2993065306114203,0.3212164827986361,0.01262811011872073,17,0.322789608983552,0.3276889992873675,0.33464567575533377,0.336906614020786,0.33853203576648594,0.33211258676270505,0.005951379731297399,0.5099771167048055,0.5098631516316536,0.5100004576868507,0.5099322592456975,0.5098873935731941,0.5099320774061259,5.1869123175282644e-05,21,0.5099894727206151,0.5100294073896079,0.5100522925177073,0.5100807835778199,0.5100691107144492,0.5100442133840399,3.236753385335165e-05
5,19.1796462059021,2.003358724619931,16.972506761550903,1.246987582799869,0.01,sag,"{'lr__C': 0.01, 'lr__solver': 'sag'}",0.5099771167048055,0.5098631516316536,0.5100004576868507,0.5099322592456975,0.5098873935731941,0.5099320774061259,5.1869123175282644e-05,21,0.5099894727206151,0.5100294073896079,0.5100522925177073,0.5100807835778199,0.5100691107144492,0.5100442133840399,3.236753385335165e-05,0.3451888941903576,0.344859164467622,0.3449830026012301,0.3449664784093075,0.3450003238886767,0.34499957472680143,0.00010670577921843445,17,0.344932270571773,0.3450578273885208,0.3451894014771961,0.3451604424420798,0.34509914621240706,0.34508781761839535,9.035073882065754e-05,0.3304803618774465,0.32601637401383743,0.3157113262779642,0.3345649997919141,0.2993065306114203,0.3212164827986361,0.01262811011872073,17,0.3218289233201321,0.3276889992873675,0.33464567575533377,0.336906614020786,0.33853203576648594,0.3319204496300211,0.0062569295868059455,0.5099771167048055,0.5098631516316536,0.5100004576868507,0.5099322592456975,0.5098873935731941,0.5099320774061259,5.1869123175282644e-05,21,0.5099894727206151,0.5100294073896079,0.5100522925177073,0.5100807835778199,0.5100691107144492,0.5100442133840399,3.236753385335165e-05
6,24.158403158187866,0.28835417353810033,19.001147508621216,0.5032034285926608,0.01,saga,"{'lr__C': 0.01, 'lr__solver': 'saga'}",0.5099771167048055,0.5098631516316536,0.5100004576868507,0.5099322592456975,0.5098873935731941,0.5099320774061259,5.1869123175282644e-05,21,0.5099894727206151,0.5100294073896079,0.5100522925177073,0.5100807835778199,0.5100691107144492,0.5100442133840399,3.236753385335165e-05,0.3451888941903576,0.344859164467622,0.3449830026012301,0.3449664784093075,0.3450003238886767,0.34499957472680143,0.00010670577921843445,17,0.34492968205113644,0.3450578273885208,0.3451894014771961,0.3451604424420798,0.34509914621240706,0.34508729991426806,9.12435355066185e-05,0.3304803618774465,0.32601637401383743,0.3157113262779642,0.3345649997919141,0.2993065306114203,0.3212164827986361,0.01262811011872073,17,0.322789608983552,0.3276889992873675,0.33464567575533377,0.336906614020786,0.33853203576648594,0.33211258676270505,0.005951379731297399,0.5099771167048055,0.5098631516316536,0.5100004576868507,0.5099322592456975,0.5098873935731941,0.5099320774061259,5.1869123175282644e-05,21,0.5099894727206151,0.5100294073896079,0.5100522925177073,0.5100807835778199,0.5100691107144492,0.5100442133840399,3.236753385335165e-05
7,26.22762026786804,1.1484835975896355,19.305574655532837,0.5974020867894899,0.01,lbfgs,"{'lr__C': 0.01, 'lr__solver': 'lbfgs'}",0.5099771167048055,0.5098631516316536,0.5100004576868507,0.5099322592456975,0.5098873935731941,0.5099320774061259,5.1869123175282644e-05,21,0.5099894727206151,0.5100408499536576,0.5100522925177073,0.5100807835778199,0.5100691107144492,0.5100465018968499,3.16360395029117e-05,0.3451888941903576,0.344859164467622,0.3449830026012301,0.3449664784093075,0.3450003238886767,0.34499957472680143,0.00010670577921843445,17,0.344932270571773,0.3450832012793887,0.3451894014771961,0.34516302031436613,0.34509914621240706,0.3450934079710262,8.962476998964514e-05,0.3304803618774465,0.32601637401383743,0.3157113262779642,0.3345649997919141,0.2993065306114203,0.3212164827986361,0.01262811011872073,17,0.3218289233201321,0.3295797791569984,0.33464567575533377,0.33592597132816737,0.33853203576648594,0.3321024770654235,0.005904847234917568,0.5099771167048055,0.5098631516316536,0.5100004576868507,0.5099322592456975,0.5098873935731941,0.5099320774061259,5.1869123175282644e-05,21,0.5099894727206151,0.5100408499536576,0.5100522925177073,0.5100807835778199,0.5100691107144492,0.5100465018968499,3.16360395029117e-05
8,31.421854257583618,1.4916332237017154,18.937584018707277,1.6789005718691883,0.1,newton-cg,"{'lr__C': 0.1, 'lr__solver': 'newton-cg'}",0.5517162471395881,0.5479884662913634,0.548903839992677,0.5525448553643354,0.5476059690561201,0.5497519269145567,0.002004640728236586,13,0.5639532222629073,0.5647248635474237,0.5652397789296626,0.564649747122228,0.5653347979312554,0.5647804819586953,0.0004945227020852893,0.45095353375259445,0.4441572543937276,0.44821752843533974,0.45271721000767545,0.4445291485004728,0.4481150173460345,0.0033991005994190846,13,0.46730034805649856,0.46831513878883957,0.4692881479549337,0.4684130571862954,0.4693749011216458,0.46853831862164264,0.0007563312889856741,0.5339814272747195,0.5590544054831245,0.5435164996235615,0.5443985010318908,0.5268985096552503,0.5415701761602859,0.010865741610257586,13,0.5819130712770928,0.5784852639837929,0.5816640805715397,0.5826798060683617,0.5826332091818578,0.5814750862165289,0.001546556529008109,0.5517162471395881,0.5479884662913634,0.548903839992677,0.5525448553643354,0.5476059690561201,0.5497519269145567,0.002004640728236586,13,0.5639532222629073,0.5647248635474237,0.5652397789296626,0.564649747122228,0.5653347979312554,0.5647804819586953,0.0004945227020852893
9,20.607630348205568,1.8825598456464498,15.19811978340149,0.5161818128352077,0.1,sag,"{'lr__C': 0.1, 'lr__solver': 'sag'}",0.5517162471395881,0.5479884662913634,0.548903839992677,0.5525448553643354,0.5476059690561201,0.5497519269145567,0.002004640728236586,13,0.5639532222629073,0.564713420983374,0.5652283363656128,0.5646383046891091,0.5653347979312554,0.5647736164464516,0.0004932898226422329,0.45095353375259445,0.4441572543937276,0.44821752843533974,0.45271721000767545,0.4445291485004728,0.4481150173460345,0.0033991005994190846,13,0.46730034805649856,0.4683010332384224,0.46927146374662143,0.46839283972380785,0.4693749011216458,0.46852811717739923,0.0007545715723822112,0.5339814272747195,0.5590544054831245,0.5435164996235615,0.5443985010318908,0.5268985096552503,0.5415701761602859,0.010865741610257586,13,0.5819130712770928,0.5781514589661735,0.5816479568385329,0.5826506719825134,0.5826332091818578,0.5813992736492342,0.001671091034847757,0.5517162471395881,0.5479884662913634,0.548903839992677,0.5525448553643354,0.5476059690561201,0.5497519269145567,0.002004640728236586,13,0.5639532222629073,0.564713420983374,0.5652283363656128,0.5646383046891091,0.5653347979312554,0.5647736164464516,0.0004932898226422329
10,20.811114645004274,0.32437920444686497,16.820193815231324,0.8364707619132364,0.1,saga,"{'lr__C': 0.1, 'lr__solver': 'saga'}",0.5517162471395881,0.5479884662913634,0.548903839992677,0.5525448553643354,0.5476059690561201,0.5497519269145567,0.002004640728236586,13,0.5639532222629073,0.564713420983374,0.5652283363656128,0.5646383046891091,0.565323355759989,0.5647713280121984,0.0004907008691488917,0.45095353375259445,0.4441572543937276,0.44821752843533974,0.45271721000767545,0.4445291485004728,0.4481150173460345,0.0033991005994190846,13,0.46730034805649856,0.4682884561793024,0.46927146374662143,0.46839283972380785,0.46935474490995566,0.4685215705232372,0.0007508418787598808,0.5339814272747195,0.5590544054831245,0.5435164996235615,0.5443985010318908,0.5268985096552503,0.5415701761602859,0.010865741610257586,13,0.5819130712770928,0.5787786904642244,0.5816479568385329,0.5826506719825134,0.582604942062067,0.581519066524886,0.0014241608059163298,0.5517162471395881,0.5479884662913634,0.548903839992677,0.5525448553643354,0.5476059690561201,0.5497519269145567,0.002004640728236586,13,0.5639532222629073,0.564713420983374,0.5652283363656128,0.5646383046891091,0.565323355759989,0.5647713280121984,0.0004907008691488917
11,34.797726488113405,2.7921272430822914,16.618508529663085,0.6354499092837321,0.1,lbfgs,"{'lr__C': 0.1, 'lr__solver': 'lbfgs'}",0.5516247139588101,0.5478969289212321,0.5488123026225457,0.5525448553643354,0.5476059690561201,0.5496970029842002,0.002011043055760647,16,0.563987550347858,0.5647706338036227,0.565216893801563,0.564684074421585,0.5654492196439196,0.5648216744037097,0.0005034507402791556,0.4507894292801413,0.4440571237338875,0.4480564477742044,0.45271721000767545,0.44445268995362947,0.44801466031952975,0.0034106886895717845,16,0.467327196145533,0.46834484647417596,0.4692308581030732,0.4684327867258979,0.4694984685005179,0.46856683118983955,0.0007632588021793415,0.5337146304414259,0.5589048901076005,0.5428641077327326,0.5443985010318908,0.5268898713164257,0.5413546995503742,0.010836454986910698,16,0.5819029141181594,0.5784286661648634,0.5819170607485924,0.5827376810214141,0.5828050072244407,0.581558265855494,0.0016116634014900384,0.5516247139588101,0.5478969289212321,0.5488123026225457,0.5525448553643354,0.5476059690561201,0.5496970029842002,0.002011043055760647,16,0.563987550347858,0.5647706338036227,0.565216893801563,0.564684074421585,0.5654492196439196,0.5648216744037097,0.0005034507402791556
12,37.80520801544189,1.771230300573627,16.46419758796692,0.5567259573881016,1,newton-cg,"{'lr__C': 1, 'lr__solver': 'newton-cg'}",0.6390846681922197,0.6316078539063573,0.6324774589226052,0.6304009520322227,0.6327016387439348,0.6332546090331558,0.003025124343312732,5,0.7449308861222995,0.7466387468103852,0.7462725847607932,0.7468132823763645,0.7456405327474942,0.7460592065634672,0.00069259255939214,0.6097643146190246,0.6002546007604062,0.6027472912869527,0.600794159797883,0.6019426266921614,0.6031007125441638,0.0034436443721907856,9,0.7281737298136631,0.7299493277003452,0.729661808820776,0.7302546084448723,0.7289416983027508,0.7293962346164815,0.0007502490919800827,0.625787668973359,0.618178454745549,0.6184683588659721,0.6168702358144015,0.6197428936255993,0.619809605864813,0.003125500399590289,6,0.7517091825674657,0.7530811868034277,0.7531780081839657,0.7534291836214088,0.752328332454419,0.7527451787261373,0.0006348471185020278,0.6390846681922197,0.6316078539063573,0.6324774589226052,0.6304009520322227,0.6327016387439348,0.6332546090331558,0.003025124343312732,5,0.7449308861222995,0.7466387468103852,0.7462725847607932,0.7468132823763645,0.7456405327474942,0.7460592065634672,0.00069259255939214
13,19.90722999572754,1.0349055161761913,17.08704161643982,1.3600016802405386,1,sag,"{'lr__C': 1, 'lr__solver': 'sag'}",0.6390846681922197,0.6316078539063573,0.6324774589226052,0.6304009520322227,0.6327016387439348,0.6332546090331558,0.003025124343312732,5,0.7449308861222995,0.7466387468103852,0.7462725847607932,0.7468132823763645,0.7456405327474942,0.7460592065634672,0.00069259255939214,0.6097643146190246,0.6002546007604062,0.6027472912869527,0.600794159797883,0.6019426266921614,0.6031007125441638,0.0034436443721907856,9,0.7281737298136631,0.7299493277003452,0.729661808820776,0.7302546084448723,0.7289416983027508,0.7293962346164815,0.0007502490919800827,0.625787668973359,0.618178454745549,0.6184683588659721,0.6168702358144015,0.6197428936255993,0.619809605864813,0.003125500399590289,6,0.7517091825674657,0.7530811868034277,0.7531780081839657,0.7534291836214088,0.752328332454419,0.7527451787261373,0.0006348471185020278,0.6390846681922197,0.6316078539063573,0.6324774589226052,0.6304009520322227,0.6327016387439348,0.6332546090331558,0.003025124343312732,5,0.7449308861222995,0.7466387468103852,0.7462725847607932,0.7468132823763645,0.7456405327474942,0.7460592065634672,0.00069259255939214
14,20.30240468978882,0.34092339167480296,15.87973165512085,0.57360617251156,1,saga,"{'lr__C': 1, 'lr__solver': 'saga'}",0.6390846681922197,0.6316078539063573,0.6324316902375394,0.6303551812522885,0.6327016387439348,0.6332363010563703,0.00303617403881911,7,0.7449308861222995,0.7466959596306341,0.7463069124529425,0.7468132823763645,0.7456405327474942,0.7460775146659469,0.0007045795706490481,0.6097449480486099,0.6002581169216868,0.602699281169696,0.600757981643913,0.6019426266921614,0.6030807044125329,0.0034414567599575633,11,0.7281766856558807,0.7300144984404827,0.729702674303722,0.7302512613344695,0.7289421452722693,0.7294174530013648,0.000761376625199689,0.6257901244606185,0.6181310392266061,0.6183912050397141,0.6168226433838495,0.6197428936255993,0.6197756641331588,0.0031470390135844204,8,0.7517069128979242,0.7531521727828789,0.753269696615845,0.7534105434806968,0.7523514064628761,0.7527781464480442,0.0006497832880840435,0.6390846681922197,0.6316078539063573,0.6324316902375394,0.6303551812522885,0.6327016387439348,0.6332363010563703,0.00303617403881911,7,0.7449308861222995,0.7466959596306341,0.7463069124529425,0.7468132823763645,0.7456405327474942,0.7460775146659469,0.0007045795706490481
15,33.704151248931886,1.6940364437282045,16.93412842750549,0.24546195917923241,1,lbfgs,"{'lr__C': 1, 'lr__solver': 'lbfgs'}",0.6373913043478261,0.6323859215524738,0.629502494393336,0.6309502013914318,0.629497390826696,0.6319455886929936,0.0029259034470694133,9,0.732984712559502,0.7401050427379767,0.7343036627647523,0.7392383916516008,0.7340953819396768,0.7361454383307017,0.0029267689744770795,0.6076256252767678,0.6023204531168578,0.598754356922251,0.6015291785476719,0.5977968021673605,0.601605443601358,0.0034466036919398283,12,0.7151501742570847,0.7236164200195905,0.71597097067138,0.7221164602712778,0.7163440089310082,0.7186396068300682,0.0035049880946467927,0.624105738023026,0.6179153468013021,0.6151722427176755,0.6174701639661075,0.616163339623947,0.6181654819479643,0.003124199564268674,9,0.7370782572171761,0.7433947899704912,0.7401179917993631,0.7439157494662206,0.7381388050069516,0.7405291186920405,0.0027376051442993144,0.6373913043478261,0.6323859215524738,0.629502494393336,0.6309502013914318,0.629497390826696,0.6319455886929936,0.0029259034470694133,9,0.732984712559502,0.7401050427379767,0.7343036627647523,0.7392383916516008,0.7340953819396768,0.7361454383307017,0.0029267689744770795
16,59.75607147216797,5.436288371776582,16.252517890930175,1.0565862509146604,10,newton-cg,"{'lr__C': 10, 'lr__solver': 'newton-cg'}",0.6420594965675057,0.6356812668772026,0.6343997436953637,0.6364884657634566,0.6393390094296438,0.6375935995313158,0.002759392255014555,2,0.9135275540095203,0.9129907429656837,0.9123728445069972,0.9126255807034808,0.9125703693532885,0.9128174183077942,0.0004073855345013593,0.6332003188835338,0.6262232190925971,0.6251346838689407,0.6281424886083641,0.6301061634101429,0.6285613786491036,0.0028737642817248665,1,0.9128228657139279,0.9122760267839682,0.9116528006116724,0.9119004691278142,0.9118719223950685,0.9121048169264903,0.00041115046172653016,0.6303097832593803,0.6231180786760631,0.6218138870042833,0.6249230944211825,0.6270543249350878,0.6254438387416312,0.0030043275601577372,1,0.9131700985159984,0.912606020397095,0.9120181245455538,0.9122944118289291,0.9121931383204613,0.9124563587216075,0.00040481701542700285,0.6420594965675057,0.6356812668772026,0.6343997436953637,0.6364884657634566,0.6393390094296438,0.6375935995313158,0.002759392255014555,2,0.9135275540095203,0.9129907429656837,0.9123728445069972,0.9126255807034808,0.9125703693532885,0.9128174183077942,0.0004073855345013593
17,25.40189185142517,1.1969227996595184,16.32347798347473,1.0416816243623825,10,sag,"{'lr__C': 10, 'lr__solver': 'sag'}",0.6420594965675057,0.6356812668772026,0.6343997436953637,0.6364884657634566,0.6393390094296438,0.6375935995313158,0.002759392255014555,2,0.9135389967045039,0.912979300401634,0.9123728445069972,0.9126255807034808,0.9125703693532885,0.9128174183339809,0.00041045387356200336,0.6332003188835338,0.6262232190925971,0.6251346838689407,0.6281424886083641,0.6301061634101429,0.6285613786491036,0.0028737642817248665,1,0.9128339540553039,0.9122643298414979,0.9116528006116724,0.9119004691278142,0.9118719223950685,0.9121046952062712,0.0004141018915776947,0.6303097832593803,0.6231180786760631,0.6218138870042833,0.6249230944211825,0.6270543249350878,0.6254438387416312,0.0030043275601577372,1,0.9131814326779728,0.9125945378536271,0.9120181245455538,0.9122944118289291,0.9121931383204613,0.9124563290453087,0.0004080163425674871,0.6420594965675057,0.6356812668772026,0.6343997436953637,0.6364884657634566,0.6393390094296438,0.6375935995313158,0.002759392255014555,2,0.9135389967045039,0.912979300401634,0.9123728445069972,0.9126255807034808,0.9125703693532885,0.9128174183339809,0.00041045387356200336
18,30.2035493850708,1.984753716345727,18.868823719024657,0.811125349969071,10,saga,"{'lr__C': 10, 'lr__solver': 'saga'}",0.6419679633867277,0.6356812668772026,0.6343997436953637,0.6364884657634566,0.6393390094296438,0.6375752915545303,0.0027298467253381174,4,0.9134703405346027,0.9129449727094847,0.9122813039945991,0.9126484655697188,0.9125360428394892,0.9127762251295788,0.0004072416748501074,0.6331002702393086,0.6262183193731236,0.6251270542464455,0.6281424886083641,0.6300988830008005,0.6285374055957771,0.002843388231488882,3,0.9127638598873254,0.9122281496760274,0.9115590182228464,0.9119223689217686,0.9118364374852739,0.9120619668386484,0.00041075028058137707,0.630204328412666,0.6231197552717602,0.6218155941589967,0.6249230944211825,0.6270396652977712,0.625420491391026,0.002967988575495414,3,0.9131097209942576,0.912559705570904,0.9119282621301055,0.9123197491802718,0.9121587438761566,0.9124152363503392,0.0004037896374255032,0.6419679633867277,0.6356812668772026,0.6343997436953637,0.6364884657634566,0.6393390094296438,0.6375752915545303,0.0027298467253381174,4,0.9134703405346027,0.9129449727094847,0.9122813039945991,0.9126484655697188,0.9125360428394892,0.9127762251295788,0.0004072416748501074
19,36.585105419158936,1.0987159300609044,19.46348385810852,1.101641976223898,10,lbfgs,"{'lr__C': 10, 'lr__solver': 'lbfgs'}",0.6432036613272312,0.6363220284681221,0.6354981921369399,0.6349322592456975,0.6437334065732857,0.6387378480804087,0.0038913251355385055,1,0.7880812889051629,0.7911960912201206,0.8069639444806792,0.7978007643545324,0.7943956245137077,0.7956875426948404,0.006501080351266963,0.6308957089194953,0.6245121337750931,0.6243313018532832,0.6244590820676532,0.6302670721165292,0.626893026010208,0.003018641064866613,4,0.783425472306551,0.7869275772007824,0.8034743364336668,0.7940882679275886,0.7894019824951714,0.791463527272752,0.006936626525482062,0.6289820861755241,0.622029017895091,0.6220486727993835,0.6219954951184967,0.6318404398492041,0.6253790288827868,0.004206917334131063,4,0.7845600677259237,0.7878150110054449,0.8044685446147288,0.7948315274224743,0.7936051096437886,0.7930560520824721,0.006831530201136668,0.6432036613272312,0.6363220284681221,0.6354981921369399,0.6349322592456975,0.6437334065732857,0.6387378480804087,0.0038913251355385055,1,0.7880812889051629,0.7911960912201206,0.8069639444806792,0.7978007643545324,0.7943956245137077,0.7956875426948404,0.006501080351266963
20,137.51765990257263,21.506433420291746,19.061314344406128,2.244861121080337,100,newton-cg,"{'lr__C': 100, 'lr__solver': 'newton-cg'}",0.6191304347826087,0.6149938212275161,0.6135292233054145,0.6116807030391798,0.6144374256156734,0.6147543984914227,0.002459975926850328,12,0.9709927682167704,0.9706727083404849,0.9702378909065944,0.9706959287822963,0.9702732390498421,0.9705745070591976,0.0002840429439627961,0.6156479363797056,0.611147423662431,0.6100108764296228,0.6086500294756872,0.6108282689253457,0.6112569828045602,0.0023590917385753916,8,0.9709753734119978,0.9706573260943867,0.9702154315441955,0.9706740942568733,0.9702582416956739,0.9705560934006254,0.0002845115557817042,0.6131861734832524,0.6084192463500762,0.607431890032878,0.6063043717815283,0.6082069150157611,0.6087097961366267,0.0023577851454130564,12,0.9709712052294722,0.9706531679992145,0.9702073451856165,0.9706665324932954,0.9702500469127344,0.9705496595640666,0.00028601430044232284,0.6191304347826087,0.6149938212275161,0.6135292233054145,0.6116807030391798,0.6144374256156734,0.6147543984914227,0.002459975926850328,12,0.9709927682167704,0.9706727083404849,0.9702378909065944,0.9706959287822963,0.9702732390498421,0.9705745070591976,0.0002840429439627961
21,31.441642189025877,2.049656618347473,15.834157371520996,1.0473682775003548,100,sag,"{'lr__C': 100, 'lr__solver': 'sag'}",0.6195881006864988,0.6149938212275161,0.613437685935283,0.6118637861589161,0.6153071500503524,0.6150381721315977,0.0025851824829124384,11,0.9706723727572318,0.9704324144954402,0.9699632693694002,0.9703984255212028,0.9700100691107144,0.970295310250798,0.000269525554099533,0.6160606758189627,0.6111464772232466,0.6098626758124736,0.6088399277409426,0.6116674411541592,0.6115155014743383,0.002478300219589472,7,0.9706545675057503,0.9704171444094567,0.9699408696851958,0.9703769673987604,0.9699951169441593,0.9702769331886646,0.0002700491737062378,0.6135835971544544,0.6084144126196124,0.6072564777502902,0.6064974671781652,0.6090385906809999,0.608958171732873,0.002475846266153804,11,0.9706493512148011,0.9704126965414733,0.9699331088979525,0.970369300600177,0.9699871259646784,0.9702703166438166,0.0002711616084538641,0.6195881006864988,0.6149938212275161,0.613437685935283,0.6118637861589161,0.6153071500503524,0.6150381721315977,0.0025851824829124384,11,0.9706723727572318,0.9704324144954402,0.9699632693694002,0.9703984255212028,0.9700100691107144,0.970295310250798,0.000269525554099533
22,32.54121465682984,0.7944326372577483,16.06342558860779,0.9721010196875448,100,saga,"{'lr__C': 100, 'lr__solver': 'saga'}",0.6203203661327231,0.6160465009840267,0.6140784475262026,0.6126418894177956,0.6173212487411883,0.6160817268083704,0.0026589610184968673,10,0.9690475100695716,0.9687274724520271,0.9685215062991315,0.9686362908208801,0.968305185592018,0.9686475930467257,0.0002447786011156209,0.6166488107688743,0.6120769885699501,0.6103836840414646,0.6094588164123499,0.6135639383452044,0.612426482206963,0.002538708157410906,6,0.9690267284993638,0.9687121195472842,0.9684966483124635,0.9686102481791757,0.9682886825917741,0.9686268854260124,0.00024444181293334025,0.614099347787478,0.6093009075009768,0.6077265329794241,0.607025165992722,0.610877838289454,0.6098059938310638,0.0025256769269150717,10,0.9690232793556486,0.9687077879018968,0.9684874413945148,0.9686027281375524,0.968281313856072,0.968620510129137,0.00024613738377683454,0.6203203661327231,0.6160465009840267,0.6140784475262026,0.6126418894177956,0.6173212487411883,0.6160817268083704,0.0026589610184968673,10,0.9690475100695716,0.9687274724520271,0.9685215062991315,0.9686362908208801,0.968305185592018,0.9686475930467257,0.0002447786011156209
23,31.671510457992554,0.36027460105273207,16.244324111938475,1.5475086721264648,100,lbfgs,"{'lr__C': 100, 'lr__solver': 'lbfgs'}",0.6351029748283753,0.6345370497505607,0.6244221703510459,0.6272427682167704,0.6395678842808752,0.6321744384028121,0.005535996975370983,8,0.8175576711827169,0.8142070875241724,0.8140583341915256,0.8122411149506831,0.8263078401757518,0.81687440960497,0.0050193379222312874,0.6270464613681318,0.627054258036082,0.6179978281019441,0.6209968138196745,0.6314145249454796,0.6249018537853079,0.004786623315452638,5,0.8153771727846872,0.8123617012407385,0.8127461951149447,0.8107711594563546,0.8244591664796583,0.8151430790152767,0.004887516361567233,0.6236098653267805,0.6237577760722084,0.6147754852845104,0.6176898292427022,0.628680677785561,0.6217025893060456,0.004911991107227163,5,0.8149536442752334,0.8119838221893041,0.8122934311688109,0.8102029965042077,0.824562296316311,0.8147992380907734,0.005112185813045402,0.6351029748283753,0.6345370497505607,0.6244221703510459,0.6272427682167704,0.6395678842808752,0.6321744384028121,0.005535996975370983,8,0.8175576711827169,0.8142070875241724,0.8140583341915256,0.8122411149506831,0.8263078401757518,0.81687440960497,0.0050193379222312874
